Energy,Average,StD/Error
VdW,-84.899044352941175,1.4142454809741245
Elec,-191.95037772549017,1.8786354632533899
Pol,201.76793933333323,1.0172618046247812
SASA,-11.115088980392162,0.073365482783358832
SAV,0.0,0.0
Binding,-86.094117607843145,1.5882440855721396
