Energy,Average,StD/Error
VdW,-90.65909364705881,1.2866768134586588
Elec,-168.96180247058822,1.8251748245423622
Pol,206.154174627451,0.60205405497029518
SASA,-11.757089529411761,0.077029984968542006
SAV,0.0,0.0
Binding,-65.170079098039267,1.8442123420613954
