Energy,Average,StD/Error
VdW,-82.846743921568702,1.3980979628578145
Elec,-158.4113286666668,2.1597773243175813
Pol,192.39240600000016,0.95863855782021912
SASA,-11.548727725490197,0.08296144046946706
SAV,0.0,0.0
Binding,-60.324867333333366,1.8808807810911121
