Energy,Average,StD/Error
VdW,-32.760180901960759,2.2990550524188507
Elec,-234.10266388235317,8.0763082964311508
Pol,172.87191792156864,7.3053379864213426
SASA,-8.8858137647058832,0.13754810379413135
SAV,0.0,0.0
Binding,-102.90374968627462,3.2431416459592302
