Energy,Average,StD/Error
VdW,-51.381823450980413,2.4048414743806283
Elec,-285.50204705882351,6.8868867694250637
Pol,221.62247419607834,3.97123762078279
SASA,-10.514755529411765,0.10912812881491628
SAV,0.0,0.0
Binding,-126.1575963529412,3.2013630818957113
