Energy,Average,StD/Error
VdW,-93.28296608955219,1.223965824808785
Elec,-143.66305814925377,1.7730175977346785
Pol,198.34173725373108,0.89540984232327681
SASA,-11.402638597014917,0.063539248358975092
SAV,0.0,0.0
Binding,-49.911663641791066,1.6777788893641645
