Energy,Average,StD/Error
VdW,-85.123997843137218,1.1595423187296741
Elec,-166.98866627450988,2.765784794081231
Pol,194.24787141176489,1.2257356836843296
SASA,-11.379945019607849,0.084854241060225974
SAV,0.0,0.0
Binding,-69.139952862745062,2.0419140330893022
