Energy,Average,StD/Error
VdW,-87.479050823529391,1.1958345704868065
Elec,-166.92072501960789,2.6579254701649724
Pol,193.48439698039198,1.4428959653572055
SASA,-11.106515294117651,0.064062296182962719
SAV,0.0,0.0
Binding,-72.077259176470633,2.1828680703942753
