Energy,Average,StD/Error
VdW,-85.05105807843141,1.5269975526214377
Elec,-162.54386211764705,2.2341404687011317
Pol,199.53302690196071,1.1354189418292566
SASA,-11.48186070588236,0.072860470123163087
SAV,0.0,0.0
Binding,-59.464752352941211,1.659110374061467
