Energy,Average,StD/Error
VdW,-54.401448352941166,1.9550550788431191
Elec,-314.67748376470621,2.6857839976746924
Pol,240.81305372549025,1.483708155310443
SASA,-11.461527098039223,0.073017336383647324
SAV,0.0,0.0
Binding,-139.81695627450978,2.5222523378850443
