Energy,Average,StD/Error
VdW,-91.364858470588189,1.4035761286455666
Elec,-174.22868682352959,2.0666607647513318
Pol,200.17400305882364,1.091577341723482
SASA,-11.257625686274507,0.06052697284128964
SAV,0.0,0.0
Binding,-76.609119647058776,1.6953224637776161
