Energy,Average,StD/Error
VdW,-88.47236411764689,1.3069761063230878
Elec,-182.50176929411737,2.2971555120995588
Pol,203.2157137647057,1.264854942026042
SASA,-11.589266431372545,0.087090192966711777
SAV,0.0,0.0
Binding,-79.382479058823634,2.459141113921627
